<?xml version="1.0" encoding="UTF-8"?>
<project-private xmlns="http://www.netbeans.org/ns/project-private/1">
    <editor-bookmarks xmlns="http://www.netbeans.org/ns/editor-bookmarks/2" lastBookmarkId="0"/>
    <open-files xmlns="http://www.netbeans.org/ns/projectui-open-files/2">
        <group>
            <file>file:/home/leo/lampstack7.4/apache2/htdocs/docker/creator.php</file>
            <file>file:/home/leo/lampstack7.4/apache2/htdocs/docker/prueba.html</file>
            <file>file:/home/leo/lampstack7.4/apache2/htdocs/docker/lib/css/dhcp.css</file>
            <file>file:/home/leo/lampstack7.4/apache2/htdocs/docker/src/vistas/dhcp.php</file>
            <file>file:/home/leo/lampstack7.4/apache2/htdocs/docker/lib/jss/dhcp.js</file>
            <file>file:/home/leo/lampstack7.4/apache2/htdocs/docker/src/controladores/docker/DockerStats.php</file>
            <file>file:/home/leo/lampstack7.4/apache2/htdocs/docker/src/vistas/nav.php</file>
            <file>file:/home/leo/lampstack7.4/apache2/htdocs/docker/datos/dhcpd.conf</file>
        </group>
    </open-files>
</project-private>
